Radical No.,Radical,unicode,English,Pinyin,Stroke Count,Variant,unicode2,additional info.
1,一,U+4E00,one,yī,1,,,
2,丨,U+4E28,line,shù,1,,,
3,丶,U+4E36,dot,diǎn,1,,,
4,丿,U+4E3F,slash,piě,1,"乀,乁","U+4E40, U+4E41",
5,乙,U+4E59,second,yǐ,1,"乚,乛","U+4E5A, U+4E5B",
6,亅,U+4E85,hook,gōu,1,,,
7,二,U+4E8C,two,èr,2,,,
8,亠,U+4EA0,lid,tóu,2,,,
9,亻,U+4EBB,person,rén,2,人,U+4EBA,
10,儿,U+513F,legs,ér,2,,,
11,入,U+5165,enter,rù,2,,,
12,丷,U+4E37,eight,bā,2,八,U+516B,
13,冂,U+5182,down box,jiǒng,2,,,
14,冖,U+5196,cover,mì,2,,,
15,冫,U+51AB,ice,bīng,2,,,
16,几,U+51E0,table,"jī,jǐ",2,,,
17,凵,U+51F5,open box,qǔ,2,,,
18,刂,U+5202,knife,dāo,2,刀,U+5200,
19,力,U+529B,power,lì,2,,,
20,勹,U+52F9,wrap,bāo,2,,,
21,匕,U+5315,ladle,bǐ,2,,,
22,匚,U+531A,right open box,fāng,2,,,
23,匸,U+5338,hiding enclosure,xǐ,2,,,
24,十,U+5341,ten,shí,2,,,
25,卜,U+535C,divination,bǔ,2,,,
26,卩,U+5369,seal,jié,2,,,
27,厂,U+5382,cliff,hàn,2,,,
28,厶,U+53B6,private,sī,2,,,
29,又,U+53C8,again,yòu,2,,,
30,口,U+53E3,mouth,kǒu,3,,,
31,囗,U+56D7,enclosure,wéi,3,,,
32,土,U+571F,earth,tǔ,3,,,
33,士,U+58EB,scholar,shì,3,,,
34,夂,U+5902,go,zhī,3,,,
35,夊,U+590A,go slowly,suī,3,,,
36,夕,U+5915,night,xī,3,,,
37,大,U+5927,big,dà,3,,,
38,女,U+5973,woman,nǚ,3,,,
39,子,U+5B50,child,zǐ,3,,,
40,宀,U+5B80,roof,mián,3,,,
41,寸,U+5BF8,inch,cùn,3,,,
42,小,U+5C0F,small,xiǎo,3,,,
43,尢,U+5C22,lame,yóu,3,尣,U+5C23,
44,尸,U+5C38,corpse,shī,3,,,
45,屮,U+5C6E,sprout,chè,3,,,
46,山,U+5C71,mountain,shān,3,,,
47,川,U+5DDD,river,chuān,3,"巛,巜","U+5DDB, U+5DDC",
48,工,U+5DE5,work,gōng,3,,,
49,己,U+5DF1,oneself,jǐ,3,,,
50,巾,U+5DFE,towel,jīn,3,,,
51,干,U+5E72,dry,gān,3,,,
52,幺,U+5E7A,thread,yāo,3,,,
53,广,U+5E7F,shelter,guǎng,3,,,
54,廴,U+5EF4,stride,yǐn,3,,,
55,廾,U+5EFE,hands joined,gǒng,3,,,
56,弋,U+5F0B,shoot with a bow,yì,3,,,
57,弓,U+5F13,bow,gōng,3,,,
58,彐,U+5F50,snout,jì,3,彑,U+5F51,
59,彡,U+5F61,hair,shān,3,,,
60,彳,U+5F73,step,chì,3,,,
61,心,U+5FC3,heart,xīn,4,忄,U+5FC4,
62,戈,U+6208,spear,gē,4,,,
63,户,U+6237,door,hù,4,,,
64,扌,U+624C,hand,shǒu,3,手,U+624B,
65,支,U+652F,branch,zhī,4,,,
66,攵,U+6535,rap,pū,4,攴,U+6534,
67,文,U+6587,script,wén,4,,,
68,斗,U+6597,dipper,dǒu,4,,,
69,斤,U+65A4,axe,jīn,4,,,
70,方,U+65B9,square,fāng,4,,,
71,无,U+65E0,not,wú,4,,,
72,日,U+65E5,sun,rì,4,,,
73,曰,U+66F0,say,yuē,4,,,
74,月,U+6708,moon,yuè,4,,,
75,木,U+6728,tree,mù,4,,,
76,欠,U+6B20,lack,qiàn,4,,,
77,止,U+6B62,stop,zhǐ,4,,,
78,歹,U+6B79,death,dǎi,4,,,
79,殳,U+6BB3,weapon,shū,4,,,
80,母,U+6BCD,mother,mǔ,5,毋,U+6BCB,
81,比,U+6BD4,compare,bǐ,4,,,
82,毛,U+6BDB,fur,máo,4,,,
83,氏,U+6C0F,clan,shì,4,,,
84,气,U+6C14,steam,qì,4,,,
85,氵,U+6C35,water,shuǐ,3,水,U+6C34,
86,灬,U+706C,fire,huǒ,4,火,U+706B,
87,爫,U+722B,claw,zhǎo,4,爪,U+722A,
88,父,U+7236,father,fù,4,,,
89,爻,U+723B,lines on a trigram,yáo,4,,,
90,丬,U+4E2C,half of a tree trunk,qiáng,3,爿,U+723F,
91,片,U+7247,slice,piàn,4,,,
92,牙,U+7259,tooth,yá,4,,,
93,牜,U+725C,cow,niú,4,牛,U+725B,
94,犭,U+72AD,dog,quǎn,3,犬,U+72AC,
95,玄,U+7384,profound,xuán,5,,,
96,玉,U+7389,jade,yù,5,王,U+738B,
97,瓜,U+74DC,melon,guā,5,,,
98,瓦,U+74E6,tile,wǎ,5,,,
99,甘,U+7518,sweet,gān,5,,,
100,生,U+751F,life,shēng,5,,,
101,用,U+7528,use,yòng,5,,,
102,田,U+7530,field,tián,5,,,
103,疋,U+758B,cloth,pǐ,5,,,
104,疒,U+7592,ill,bìng,5,,,
105,癶,U+7676,foot steps,bō,5,,,
106,白,U+767D,white,bái,5,,,
107,皮,U+76AE,skin,pí,5,,,
108,皿,U+76BF,dish,mǐn,5,,,
109,目,U+76EE,eye,mù,5,,,
110,矛,U+77DB,spear,máo,5,,,
111,矢,U+77E2,arrow,shǐ,5,,,
112,石,U+77F3,stone,shí,5,,,
113,礻,U+793B,spirit,shì,4,示,U+793A,
114,禸,U+79B8,track,róu,4,,,
115,禾,U+79BE,grain,hé,5,,,
116,穴,U+7A74,cave,xuè,5,,,
117,立,U+7ACB,stand,lì,5,,,
118,⺮,U+2EAE,bamboo,zhú,6,竹,U+7AF9,
119,米,U+7C73,rice,mǐ,6,,,
120,纟,U+7E9F,silk,sī,3,糸,U+7CF8,T
121,缶,U+7F36,jar,fǒu,6,,,
122,网,U+7F51,net,wǎng,6,罒,U+7F52,
123,羊,U+7F8A,sheep,yáng,6,,,
124,羽,U+7FBD,feather,yǔ,6,,,
125,老,U+8001,old,lǎo,6,,,
126,而,U+800C,and,ér,6,,,
127,耒,U+8012,plow,lěi,6,,,
128,耳,U+8033,ear,ěr,6,,,
129,聿,U+807F,brush,yù,6,,,
130,肉,U+8089,meat,ròu,6,,,
131,臣,U+81E3,minister,chén,6,,,
132,自,U+81EA,oneself,zì,6,,,
133,至,U+81F3,arrive,zhì,6,,,
134,臼,U+81FC,mortar,jiù,6,,,
135,舌,U+820C,tongue,shé,6,,,
136,舛,U+821B,contrary,chuǎn,6,,,
137,舟,U+821F,boat,zhōu,6,,,
138,艮,U+826E,mountain,gèn,6,,,
139,色,U+8272,color,sè,6,,,
140,艹,U+8279,grass,cǎo,3,艸,U+8278,
141,虍,U+864D,tiger,hǔ,6,,,
142,虫,U+866B,insect,chóng,6,,,
143,血,U+8840,blood,xuè,6,,,
144,行,U+884C,walk,xíng,6,,,
145,衤,U+8864,clothes,yī,5,衣,U+8863,
146,西,U+897F,west,xī,6,覀,U+8980,
147,见,U+89C1,see,jiàn,4,見,U+898B,T
148,角,U+89D2,horn,jiǎo,7,,,
149,讠,U+8BA0,speech,yán,2,言,U+8A00,T
150,谷,U+8C37,valley,gǔ,7,,,
151,豆,U+8C46,bean,dòu,7,,,
152,豕,U+8C55,pig,shǐ,7,,,
153,豸,U+8C78,badger,zhì,7,,,
154,贝,U+8D1D,shell,bèi,4,貝,U+8C9D,T
155,赤,U+8D64,red,chì,7,,,
156,走,U+8D70,walk,zǒu,7,,,
157,⻊,U+2ECA,foot,zú,7,足,U+8DB3,
158,身,U+8EAB,body,shēn,7,,,
159,车,U+8F66,cart,chē,4,車,U+8ECA,T
160,辛,U+8F9B,bitter,xīn,7,,,
161,辰,U+8FB0,morning,chén,7,,,
162,辶,U+8FB6,walk,chuò,3,辵,U+8FB5,
163,邑,U+9091,city,yì,7,阝,U+961D,same as 170 but right
164,酉,U+9149,wine,yǒu,7,,,
165,釆,U+91C6,distinguish,biàn,7,,,
166,里,U+91CC,village,lǐ,7,,,
167,钅,U+9485,metal,jīn,5,金,U+91D1,
168,长,U+957F,long,cháng,4,長,U+9577,T
169,门,U+95E8,gate,mén,3,門,U+9580,T
170,阜,U+961C,mound,fù,8,阝,U+961D,same as 163 but left
171,隶,U+96B6,slave,lì,8,,,
172,隹,U+96B9,short-tailed bird,zhuī,8,,,
173,雨,U+96E8,rain,yǔ,8,,,
174,青,U+9752,blue,qīng,8,,,
175,非,U+975E,wrong,fēi,8,,,
176,面,U+9762,face,miàn,9,,,
177,革,U+9769,leather,gé,9,,,
178,韦,U+97E6,soft leather,wěi,4,韋,U+97CB,T
179,韭,U+97ED,leek,jiǔ,9,,,
180,音,U+97F3,sound,yīn,9,,,
181,页,U+9875,page,yè,6,頁,U+9801,T
182,风,U+98CE,wind,fēng,4,風,U+98A8,T
183,飞,U+98DE,fly,fēi,4,飛,U+98DB,T
184,饣,U+9963,eat,shí,3,"飠,食","U+98E0, U+98DF",
185,首,U+9996,head,shǒu,9,,,
186,香,U+9999,fragrant,xiāng,9,,,
187,马,U+9A6C,horse,mǎ,3,馬,U+99AC,T
188,骨,U+9AA8,bone,gǔ,9,,,
189,高,U+9AD8,high,gāo,10,,,
190,髟,U+9ADF,long hair,biāo,10,,,
191,鬥,U+9B25,fight,dòu,10,,,
192,鬯,U+9B2F,sacrificial wine,chàng,10,,,
193,鬲,U+9B32,cauldron,lì,10,,,
194,鬼,U+9B3C,ghost,guǐ,9,,,
195,鱼,U+9C7C,fish,yú,8,魚,U+9B5A,T
196,鸟,U+9E1F,bird,niǎo,5,鳥,U+9CE5,T
197,卤,U+5364,salty,lǔ,7,,,
198,鹿,U+9E7F,deer,lù,11,,,
199,麦,U+9EA6,wheat,mài,7,麥,U+9EA5,T
200,麻,U+9EBB,hemp,má,11,,,
201,黄,U+9EC4,yellow,huáng,11,,,
202,黍,U+9ECD,millet,shǔ,12,,,
203,黑,U+9ED1,black,hēi,12,,,
204,黹,U+9EF9,embroidery,zhǐ,12,,,
205,黾,U+9EFE,frog,mǐn,8,黽,U+9EFD,T
206,鼎,U+9F0E,tripod,dǐng,12,,,
207,鼓,U+9F13,drum,gǔ,13,,,
208,鼡,U+9F21,rat,shǔ,8,鼠,U+9F20,
209,鼻,U+9F3B,nose,bí,14,,,
210,齐,U+9F50,even,qí,6,齊,U+9F4A,T
211,齿,U+9F7F,tooth,chǐ,8,齒,U+9F52,T
212,龙,U+9F99,dragon,lóng,5,龍,U+9F8D,T
213,龟,U+9F9F,turtle,guī,7,龜,U+9F9C,T
214,龠,U+9FA0,flute,yuè,17,,,
