char,category
葍,Unknown
蓌,Unknown
芀,Unknown
茣,Both
苉,Both
莻,Unknown
蒦,Both
蓙,Unknown
莵,Unknown
苽,Unknown
薾,Unknown
茘,Unknown
茦,Unknown
葽,Unknown
蘴,Unknown
葠,Unknown
薙,Both
苘,Unknown
薫,Unknown
苲,Both
薬,Unknown
葈,Unknown
蔆,Unknown
菐,Both
苅,Unknown
茓,Both
荁,Both
萕,Unknown
蒖,Unknown
蔲,Both
茞,Unknown
薗,Unknown
薢,Unknown
荘,Unknown
蘓,Unknown
萅,Unknown
蓰,Unknown
蔕,Unknown
葊,Unknown
潵,Both
洮,Both
洪,Both
淴,Both
洑,Both
溵,Both
滓,Both
瀸,Both
淟,Both
淢,Both
湍,Both
淸,Unknown
泌,Both
洽,Both
済,Unknown
澎,Both
泵,Both
洭,Both
湃,Both
浥,Both
淦,Both
洣,Both
源,Both
涯,Both
渓,Unknown
瀑,Both
沢,Unknown
灨,Unknown
湅,Both
涪,Both
涒,Both
涸,Both
滆,Both
沷,Both
湜,Both
潞,Both
沂,Both
淌,Both
渥,Both
泮,Both
洏,Both
沓,Both
汔,Both
汕,Both
澼,Both
漩,Both
洇,Both
涑,Both
汜,Both
濠,Both
淑,Both
濉,Both
涉,Both
泐,Both
氿,Both
浡,Both
汈,Both
沺,Both
永,Both
湟,Both
沰,Both
汛,Both
沏,Both
渇,Unknown
汴,Both
沚,Both
洟,Both
洸,Both
潭,Both
浦,Both
渕,Unknown
泙,Both
澝,Unknown
沅,Both
漪,Both
泳,Both
潮,Both
漷,Both
沃,Both
澂,Unknown
洎,Both
滀,Both
滏,Both
滁,Both
沌,Both
瀹,Both
求,Both
浞,Both
滴,Both
法,Both
灋,Both
洛,Both
洋,Both
灎,Unknown
漯,Both
澧,Both
澍,Both
汀,Both
泭,Unknown
沇,Both
汪,Both
沁,Both
渲,Both
潅,Unknown
泓,Both
演,Both
漕,Both
浙,Both
泊,Both
瀣,Both
瀽,Both
淤,Both
涮,Both
沴,Both
派,Both
灔,Unknown
汁,Both
澔,Unknown
潼,Both
湘,Both
満,Unknown
漑,Unknown
河,Both
浬,Both
滇,Both
溷,Both
湩,Both
灢,Both
淖,Both
潀,Both
汗,Both
洙,Both
浯,Both
淇,Both
汶,Both
浩,Both
濳,Unknown
湲,Both
氶,Both
渮,Unknown
洨,Both
激,Both
湣,Both
浄,Unknown
添,Both
溘,Both
濞,Both
溟,Both
瀬,Unknown
溶,Both
滋,Both
渡,Both
沆,Both
溜,Both
汞,Both
渺,Both
治,Both
滊,Both
泅,Both
滉,Both
汧,Both
汽,Both
泯,Both
潈,Both
渧,Both
漶,Both
湎,Both
泣,Both
淅,Both
浴,Both
汰,Both
淄,Both
淘,Both
泖,Both
泲,Both
油,Both
溢,Both
泂,Both
澄,Both
浮,Both
洹,Both
涬,Both
洴,Both
涜,Unknown
湢,Both
泆,Both
津,Both
洄,Both
泗,Both
淬,Both
沔,Both
滈,Both
淠,Both
沐,Both
浪,Both
澴,Both
瀚,Both
湄,Both
淮,Both
渤,Both
灉,Both
沙,Both
涙,Unknown
洊,Both
洵,Both
淼,Unknown
活,Both
汋,Both
滔,Both
沼,Both
淋,Both
泃,Both
沮,Both
澑,Unknown
浠,Both
泔,Both
溎,Both
江,Both
渉,Unknown
漳,Both
沛,Both
潎,Both
沽,Both
漦,Both
畓,Both
溌,Unknown
浤,Both
瀔,Both
瀼,Both
泫,Both
波,Both
洗,Both
洫,Both
渟,Both
泑,Both
滝,Unknown
哫,Both
啇,Both
咦,Both
嘹,Both
噩,Both
呇,Both
嗝,Both
召,Both
哧,Both
哳,Both
呬,Both
噻,Both
喞,Unknown
咕,Both
否,Both
吰,Both
啙,Both
呿,Both
咺,Both
句,Both
嗛,Both
古,Both
咆,Both
唖,Unknown
喑,Both
咄,Both
唗,Both
哏,Both
口,Both
唏,Both
喇,Both
噛,Unknown
嘂,Both
啻,Both
呟,Both
哌,Both
唣,Both
嗍,Both
噘,Both
可,Both
噫,Both
哿,Both
唽,Both
喱,Both
哥,Both
嘎,Both
嘦,Both
咯,Both
咜,Unknown
咐,Both
囊,Both
咅,Both
唹,Both
吱,Both
嘁,Both
吢,Unknown
咖,Both
呺,Both
咍,Both
嘨,Unknown
啦,Both
嗭,Unknown
嚷,Both
噋,Both
吐,Both
唐,Both
喰,Unknown
嚚,Both
嚻,Both
各,Both
啥,Both
呦,Both
咉,Both
喌,Both
夻,Both
呹,Both
吼,Both
咋,Both
嘣,Both
史,Both
吥,Both
噣,Both
哪,Both
吭,Both
唯,Both
呷,Both
啚,Unknown
喙,Both
噭,Both
嗃,Both
唲,Both
喸,Both
售,Both
呼,Both
咈,Both
嚜,Both
囍,Both
叼,Both
嘉,Both
啶,Both
喣,Both
哽,Both
噎,Both
唰,Both
呵,Both
另,Both
喤,Both
啷,Both
卟,Both
吧,Both
嗪,Both
啉,Both
叧,Unknown
唶,Both
哵,Both
嚼,Both
命,Both
喊,Both
嗈,Unknown
噌,Both
呫,Both
吵,Both
嘧,Both
呏,Both
嗯,Both
哢,Both
哩,Both
叾,Both
嘏,Both
喀,Both
囔,Both
唎,Both
噕,Unknown
嘡,Both
嗔,Both
哐,Both
唪,Both
嘠,Unknown
嘲,Both
嗑,Both
喔,Both
叩,Both
嚏,Both
哉,Both
吷,Both
哭,Both
啑,Both
哺,Both
咣,Both
吠,Both
司,Both
唕,Unknown
嘋,Both
咻,Both
哀,Both
喹,Both
啤,Both
唑,Both
啔,Unknown
嗨,Both
呋,Both
唙,Unknown
呻,Both
嚢,Unknown
呣,Both
啐,Both
呭,Both
噇,Both
品,Both
呝,Unknown
嗣,Both
嘟,Both
噷,Both
咢,Both
哞,Both
噺,Unknown
唟,Unknown
営,Unknown
吆,Both
咚,Both
吮,Both
啵,Both
唱,Both
啈,Both
咔,Both
噽,Unknown
噍,Both
啪,Both
哇,Both
嗦,Both
哰,Both
右,Both
唈,Both
嚔,Unknown
嗙,Both
叮,Both
君,Both
嘀,Both
哈,Both
喘,Both
叺,Both
吏,Both
咵,Both
嗌,Both
楙,Both
桲,Both
桶,Both
榖,Both
楯,Both
榱,Both
楰,Both
欋,Both
株,Both
棺,Both
椧,Unknown
桅,Both
桹,Both
欕,Unknown
桔,Both
杉,Both
樘,Both
枡,Both
栄,Unknown
梡,Both
棘,Both
析,Both
榀,Both
枯,Both
樨,Both
橔,Both
榜,Both
柶,Both
櫼,Both
楽,Unknown
杌,Both
桐,Both
枼,Both
槔,Both
榼,Both
栂,Both
柎,Both
格,Both
梶,Both
柑,Both
杙,Both
柟,Unknown
札,Both
枓,Both
枩,Unknown
榊,Both
桋,Both
梯,Both
桕,Both
檍,Both
梏,Both
椇,Both
枵,Both
梍,Both
槁,Both
桟,Unknown
楚,Both
棢,Both
杪,Both
楣,Both
橤,Both
梻,Unknown
榕,Both
枠,Unknown
椊,Both
椥,Both
柊,Both
棉,Both
杈,Both
檼,Both
材,Both
樾,Both
柷,Both
桄,Both
栴,Both
椅,Both
楕,Unknown
槕,Unknown
梃,Both
束,Both
橰,Unknown
枹,Both
槽,Both
棚,Both
椽,Both
楮,Both
槿,Both
橧,Both
枟,Both
檪,Unknown
椵,Both
椿,Both
樒,Both
枻,Both
杴,Both
枕,Both
楟,Both
柞,Both
杭,Both
枒,Both
枰,Both
枋,Both
梧,Both
杞,Both
梱,Both
棬,Both
枸,Both
梩,Both
梓,Both
枷,Both
椪,Both
末,Both
栍,Unknown
木,Both
榥,Both
枑,Both
様,Unknown
栝,Both
檄,Both
椒,Both
杜,Both
植,Both
檀,Both
未,Both
栱,Both
桊,Both
柬,Both
橴,Unknown
杤,Both
朽,Both
橙,Both
棜,Both
杕,Both
本,Both
杣,Both
楗,Both
桎,Both
椗,Both
椺,Both
栿,Both
榔,Both
槇,Unknown
柤,Both
椴,Both
柱,Both
枝,Both
楹,Both
楅,Both
楝,Both
検,Unknown
橿,Both
柣,Both
欙,Both
桺,Unknown
梎,Both
棫,Both
椷,Both
桓,Both
楡,Unknown
楩,Both
榃,Both
樕,Both
栭,Both
桃,Both
栲,Both
杖,Both
柯,Both
桜,Unknown
柩,Both
椋,Both
楳,Unknown
棒,Both
桮,Unknown
樏,Both
柘,Both
桛,Unknown
桴,Both
柈,Both
根,Both
桬,Both
梗,Both
杵,Both
槜,Unknown
栟,Both
械,Both
柾,Both
柮,Both
枉,Both
椑,Both
榌,Both
栫,Both
権,Unknown
桚,Unknown
杅,Both
柲,Both
桝,Unknown
杶,Both
欛,Both
橵,Both
棵,Both
朾,Both
樟,Both
槭,Both
枚,Both
椳,Both
栻,Both
梂,Both
桂,Both
林,Both
梽,Both
柙,Both
桁,Both
栞,Unknown
榷,Both
框,Both
杼,Both
橦,Both
樵,Both
榫,Both
校,Both
棓,Both
梮,Both
桫,Both
搙,Both
攫,Both
授,Both
拊,Both
扦,Both
撅,Both
掾,Both
擉,Both
掠,Both
抅,Both
抨,Both
搠,Both
挺,Both
撕,Both
摞,Both
掊,Both
擵,Unknown
揍,Both
抰,Both
掘,Both
捯,Both
捽,Both
措,Both
拳,Both
抖,Both
挪,Both
抮,Both
擅,Both
扛,Both
握,Both
抆,Both
摂,Unknown
挹,Both
把,Both
擤,Both
捄,Both
推,Both
找,Both
拷,Both
掦,Unknown
搴,Both
撩,Both
扺,Both
拮,Both
搥,Both
掔,Both
拡,Unknown
扤,Both
拂,Both
捂,Both
掎,Both
投,Both
抻,Both
援,Both
攂,Both
抪,Both
拵,Both
拉,Both
挑,Both
擀,Both
擘,Both
搌,Both
搕,Both
抶,Both
掌,Both
拘,Both
捭,Both
捕,Both
掭,Both
抴,Both
搛,Both
択,Unknown
扻,Both
提,Both
扔,Both
揵,Both
抄,Both
掀,Both
撃,Unknown
拑,Both
扶,Both
撹,Unknown
擕,Unknown
摧,Both
挌,Both
搨,Both
抒,Both
括,Both
撴,Both
押,Both
扠,Both
抃,Both
抈,Both
挎,Both
拙,Both
揥,Both
搷,Both
捃,Both
捅,Both
擐,Both
拌,Both
揈,Both
掲,Unknown
拜,Both
技,Both
抑,Both
捿,Unknown
払,Both
挵,Both
攘,Both
撞,Both
搾,Unknown
搐,Both
揣,Both
掣,Both
揔,Both
拄,Both
捋,Both
招,Both
攟,Unknown
抔,Both
拍,Both
捗,Both
掱,Both
揎,Both
捧,Both
抗,Both
摘,Both
撉,Unknown
拱,Both
扢,Both
拠,Unknown
扐,Both
打,Both
揌,Both
挶,Both
銭,Unknown
鑫,Both
釖,Unknown
釯,Unknown
鎫,Unknown
鑓,Unknown
鑤,Unknown
鋬,Both
鎹,Both
鋺,Both
錻,Unknown
鋈,Both
釡,Unknown
鍪,Both
鐆,Unknown
鈬,Unknown
鋚,Both
鑵,Unknown
鐾,Both
鐡,Unknown
鈩,Unknown
鋳,Unknown
釼,Unknown
鎐,Unknown
恓,Both
惸,Both
恫,Both
愪,Both
愡,Both
憧,Both
悴,Both
惜,Both
惓,Both
恂,Both
忌,Both
忋,Both
想,Both
悍,Both
悪,Unknown
惦,Both
悔,Both
恭,Both
慉,Both
悻,Both
怫,Both
憘,Both
恌,Both
惎,Both
慬,Both
悈,Both
愕,Both
忡,Both
慊,Both
応,Unknown
忝,Both
愰,Both
愙,Both
愃,Both
恚,Both
忐,Both
憬,Both
惙,Both
恔,Both
悌,Both
愔,Both
忽,Both
怾,Unknown
愞,Both
怯,Both
懴,Unknown
悼,Both
怺,Unknown
怭,Both
怗,Both
忠,Both
悧,Both
性,Both
愢,Both
悝,Both
意,Both
恟,Both
愆,Both
必,Both
憭,Both
恪,Both
忮,Both
憃,Both
忰,Unknown
怚,Both
怠,Both
怛,Both
悖,Both
思,Both
恑,Both
忖,Both
愊,Both
怕,Both
惟,Both
慆,Both
戄,Both
慇,Both
息,Both
惴,Both
怹,Both
悩,Unknown
懛,Both
怦,Both
恰,Both
惖,Unknown
恨,Both
忒,Both
恙,Both
忲,Both
愐,Both
懄,Both
惣,Unknown
怎,Both
怡,Both
愣,Both
愫,Both
悃,Both
惏,Both
忱,Both
恛,Both
怔,Both
惑,Both
愼,Unknown
怲,Both
怙,Both
忺,Both
憷,Both
忷,Unknown
怍,Both
懐,Unknown
恧,Both
忉,Both
患,Both
怞,Both
忑,Both
忩,Unknown
忓,Both
惷,Both
憓,Both
怊,Both
恇,Both
戅,Unknown
惚,Both
怖,Both
惶,Both
悒,Both
焔,Unknown
焠,Unknown
熖,Unknown
焼,Unknown
燣,Both
烉,Unknown
煍,Both
焭,Unknown
焿,Unknown
焦,Both
煺,Unknown
熹,Both
焻,Both
煏,Both
熻,Both
煕,Unknown
焄,Both
焵,Both
熟,Both
燗,Unknown
煦,Both
烹,Both
焉,Both
爔,Unknown
燷,Both
炧,Unknown
煟,Both
煗,Unknown
促,Both
儃,Both
価,Unknown
傈,Both
伮,Unknown
仨,Both
倝,Both
供,Both
佟,Both
佶,Both
侜,Both
介,Both
付,Both
傕,Both
傫,Both
仛,Both
倢,Both
代,Both
仁,Both
住,Both
倌,Both
偓,Both
催,Both
俙,Both
傣,Both
俎,Both
佸,Both
僦,Both
侗,Both
儾,Both
倽,Both
伈,Both
伜,Unknown
侢,Unknown
估,Both
俜,Both
倃,Both
仂,Both
仗,Both
侏,Both
俘,Both
伉,Both
佹,Both
倸,Unknown
仚,Both
儤,Both
偘,Unknown
僛,Both
伴,Both
佭,Both
倬,Both
仔,Both
佀,Unknown
便,Both
伽,Both
倶,Unknown
傎,Both
仐,Unknown
僃,Unknown
企,Both
俵,Both
仰,Both
傮,Unknown
倹,Unknown
伺,Both
侀,Both
僜,Both
仭,Unknown
倔,Both
伻,Both
件,Both
伸,Both
侉,Both
倦,Both
俲,Unknown
傚,Unknown
伝,Both
俑,Both
倚,Both
儇,Both
偖,Both
倳,Both
伲,Both
佝,Both
偟,Both
倞,Both
休,Both
侊,Both
仡,Both
但,Both
佼,Both
依,Both
佻,Both
佳,Both
偯,Both
佪,Both
停,Both
偹,Both
伐,Both
偲,Both
伕,Both
仫,Both
佉,Both
仲,Both
偝,Both
傼,Both
僰,Both
僿,Both
倴,Both
伏,Both
傔,Both
佡,Both
仃,Both
仕,Both
僮,Both
佷,Both
俗,Both
仍,Both
偄,Both
仸,Both
儊,Both
俱,Both
僖,Both
佯,Both
伢,Both
佩,Both
俅,Both
俛,Unknown
伯,Both
仄,Both
侔,Both
倨,Both
俄,Both
俤,Both
佧,Both
仉,Both
倅,Both
偭,Both
佃,Both
侄,Unknown
僬,Both
倒,Both
仵,Both
侇,Both
伹,Both
佚,Both
伎,Both
佐,Both
倍,Both
做,Both
僚,Both
伊,Both
侐,Both
僡,Unknown
仏,Unknown
僽,Both
位,Both
俚,Both
倡,Both
僻,Both
俶,Both
倮,Both
俐,Both
僝,Both
塽,Both
垓,Both
塘,Both
圦,Both
垤,Both
垧,Both
坩,Both
圮,Both
垌,Both
墨,Both
垗,Both
垇,Unknown
埠,Both
堂,Both
堳,Both
塄,Both
壁,Both
埋,Both
壄,Unknown
埓,Unknown
埀,Unknown
垡,Both
垚,Both
墅,Both
坨,Both
壅,Both
埗,Both
埴,Both
土,Both
塜,Both
壆,Both
坣,Unknown
垸,Both
塙,Both
堺,Unknown
塅,Both
堮,Both
垈,Both
埧,Both
型,Both
塀,Unknown
埤,Both
垮,Both
壕,Both
塁,Unknown
垢,Both
墐,Both
墪,Unknown
埸,Both
址,Both
培,Both
埄,Both
塞,Both
坪,Both
坊,Both
垣,Both
垝,Both
埒,Both
墱,Both
坍,Both
堋,Both
塝,Both
垍,Both
埦,Unknown
垕,Both
在,Both
埻,Both
城,Both
墀,Both
坡,Both
垟,Both
墩,Both
堲,Both
坫,Both
境,Both
墄,Both
圪,Both
壑,Both
堀,Both
堽,Both
墍,Unknown
壊,Unknown
圯,Both
垃,Both
墬,Unknown
坷,Both
圧,Unknown
堍,Both
塃,Both
坦,Both
圥,Unknown
圳,Both
坿,Unknown
垠,Both
坮,Both
塓,Both
堌,Both
埂,Both
玍,Both
墼,Both
堄,Both
塨,Both
坳,Both
圻,Both
埌,Both
塱,Both
塬,Both
埔,Both
紊,Both
縠,Both
繴,Both
索,Both
絵,Unknown
経,Unknown
繊,Unknown
繠,Both
縢,Both
縄,Unknown
緃,Both
纒,Unknown
繤,Unknown
継,Unknown
絏,Unknown
縇,Unknown
縦,Unknown
続,Unknown
繍,Unknown
素,Both
繋,Unknown
綦,Both
縅,Unknown
蝌,Both
蟰,Both
蜷,Both
蜅,Both
螈,Both
蚑,Both
蠋,Both
螽,Both
蝝,Both
蚴,Both
蝠,Both
蜓,Both
蜘,Both
蜊,Both
蟟,Both
蟑,Both
蚠,Both
蛁,Both
虹,Both
蝰,Both
螟,Both
蛤,Both
蜔,Both
蛾,Both
蚶,Both
蚰,Both
蛘,Both
蠼,Both
蠺,Unknown
蝿,Unknown
蛭,Both
蚿,Both
蜉,Both
蠹,Both
蜖,Unknown
蛑,Both
蛯,Unknown
蛞,Both
蠚,Both
蟭,Both
蝋,Unknown
蠎,Unknown
蠢,Both
蠜,Both
蚫,Both
蜺,Both
蛇,Both
蜥,Both
螅,Both
蛹,Both
蛣,Both
蚻,Both
蛅,Both
螬,Both
蝽,Both
蟇,Unknown
蠲,Both
蝗,Both
蚵,Both
螕,Both
蜢,Both
蟫,Both
蚨,Both
蜀,Both
螥,Unknown
蚉,Unknown
虺,Both
蜴,Both
螃,Both
蚧,Both
蜱,Both
蛀,Both
蛍,Unknown
蟪,Both
蟢,Both
蜮,Both
蜾,Both
蜜,Both
蚱,Both
蝍,Both
螣,Both
虼,Both
蚯,Both
蠊,Both
虷,Both
蚔,Both
蛐,Unknown
蝣,Both
蛟,Both
蟿,Both
蠉,Both
蟖,Both
蝻,Unknown
籖,Unknown
籏,Unknown
籨,Unknown
篏,Unknown
箳,Both
簘,Unknown
簗,Unknown
筁,Both
簈,Unknown
笵,Unknown
箲,Unknown
箆,Unknown
竼,Both
竾,Unknown
篛,Unknown
簔,Unknown
筞,Unknown
篗,Both
笤,Unknown
筓,Unknown
篭,Unknown
筩,Unknown
筸,Both
簓,Unknown
籞,Both
籆,Both
筺,Unknown
籘,Unknown
笧,Unknown
諬,Unknown
謇,Both
諐,Unknown
詸,Unknown
訳,Unknown
訄,Both
謪,Unknown
譬,Both
詈,Both
誖,Both
読,Unknown
謿,Unknown
讃,Unknown
訡,Unknown
譲,Unknown
誓,Both
譍,Unknown
譛,Unknown
諚,Both
謧,Both
妷,Unknown
媄,Unknown
媺,Unknown
媮,Unknown
嫐,Both
姢,Unknown
婾,Unknown
嬶,Unknown
嬢,Unknown
姸,Unknown
鳯,Unknown
鳫,Unknown
鴬,Unknown
鶸,Both
鴎,Unknown
鷆,Unknown
鴪,Both
鵭,Both
鷘,Unknown
鶫,Unknown
岹,Unknown
岸,Both
岊,Both
嵛,Both
屴,Both
峠,Both
嶌,Unknown
峞,Both
嵦,Both
岢,Both
岜,Both
嵇,Both
嶭,Both
峇,Both
峫,Both
嶲,Both
嶡,Both
崕,Unknown
岺,Unknown
巎,Both
峧,Both
嵙,Both
山,Both
岧,Both
峀,Both
崟,Both
嵏,Both
岱,Both
崁,Both
崯,Unknown
乢,Unknown
崀,Both
峁,Both
峝,Unknown
巓,Unknown
嵌,Both
崩,Both
嵂,Both
崈,Unknown
崮,Both
嶋,Unknown
岅,Unknown
嵶,Unknown
崽,Both
岝,Both
崫,Both
岾,Unknown
屶,Unknown
鯋,Unknown
鰞,Both
魲,Unknown
魰,Both
鮉,Unknown
鱶,Unknown
鰔,Unknown
魞,Unknown
鯺,Both
魳,Both
鯣,Both
鯏,Unknown
鯙,Both
鱛,Unknown
鱡,Both
臐,Both
脵,Unknown
臓,Unknown
膇,Unknown
腉,Unknown
脳,Unknown
腐,Both
脗,Unknown
腜,Both
肷,Unknown
肵,Unknown
膄,Unknown
胾,Both
脦,Both
臁,Unknown
腟,Unknown
玉,Both
玻,Both
玓,Both
瑊,Both
珂,Both
玎,Both
珏,Unknown
珅,Both
玶,Both
璅,Both
球,Both
玥,Both
璋,Both
琦,Both
璧,Both
珙,Both
珱,Unknown
瑄,Both
珦,Both
珣,Both
珓,Both
珧,Both
瑴,Both
珮,Both
瑑,Both
珠,Both
珖,Both
珢,Both
瑁,Both
瑕,Both
玞,Both
瑾,Both
珀,Both
珡,Unknown
玧,Both
珹,Both
琕,Unknown
珤,Unknown
珞,Both
璟,Both
珽,Both
珩,Both
琪,Both
琯,Both
瑢,Both
璂,Both
瓖,Both
琫,Both
玹,Both
理,Both
瑘,Both
璐,Both
璀,Both
珺,Both
琚,Both
珌,Both
玔,Unknown
瑗,Both
玗,Both
瑞,Both
瑌,Both
王,Both
玷,Both
玘,Both
瑭,Both
琁,Both
瑱,Both
琠,Unknown
珈,Both
瓌,Unknown
玕,Both
玠,Both
琳,Both
曅,Both
晄,Unknown
旬,Both
晞,Both
旴,Both
昞,Both
昳,Both
普,Both
曝,Both
晃,Both
昶,Both
晶,Both
早,Both
旦,Both
景,Both
易,Both
晟,Both
暾,Both
曍,Unknown
晌,Both
暻,Both
旮,Both
晹,Both
晬,Both
晧,Unknown
昡,Both
昭,Both
昿,Unknown
昺,Both
晥,Both
暑,Both
昉,Both
智,Both
暲,Both
旽,Both
晢,Both
晫,Both
昰,Unknown
旾,Unknown
昚,Unknown
曕,Both
暏,Unknown
昱,Both
晦,Both
暁,Unknown
晾,Both
曙,Both
昌,Both
昕,Both
旯,Both
旭,Both
暦,Unknown
暸,Both
暇,Both
是,Both
晸,Both
旰,Both
晜,Both
曦,Both
昲,Both
日,Both
曒,Both
暌,Both
昴,Both
曩,Both
旼,Both
昨,Both
星,Both
曌,Unknown
晤,Both
暼,Both
曛,Both
旺,Both
昃,Both
昊,Both
曁,Unknown
旱,Both
暄,Both
旻,Both
昔,Both
曈,Both
暝,Both
春,Both
昫,Both
矍,Both
盹,Both
眆,Both
睠,Unknown
瞧,Both
睢,Both
眸,Both
睥,Both
睚,Both
眙,Both
眨,Both
眄,Both
眷,Both
睎,Both
睨,Both
県,Unknown
眩,Both
睗,Both
瞑,Both
睧,Both
眑,Both
看,Both
眶,Both
睆,Both
眣,Both
瞋,Both
矈,Both
睘,Both
眼,Both
瞳,Both
眭,Both
瞌,Both
眕,Both
瞽,Both
眚,Both
盺,Both
瞏,Unknown
睱,Both
睟,Both
盱,Both
眺,Both
盯,Both
睇,Both
省,Both
眽,Both
眊,Both
睅,Both
相,Both
睼,Both
瞫,Both
睬,Both
瞖,Unknown
督,Both
盾,Both
眲,Both
眴,Both
睤,Unknown
瞕,Both
瞀,Both
眉,Both
破,Both
礧,Both
磬,Both
硇,Both
砼,Both
磙,Both
硍,Both
磅,Both
砬,Both
硒,Both
砢,Both
碓,Both
碎,Both
碻,Both
矸,Both
砕,Unknown
砟,Both
碚,Both
磕,Both
礁,Both
硌,Both
硎,Both
鿬,Both
礃,Both
矻,Both
硊,Both
硼,Both
矼,Both
砳,Both
硸,Both
砆,Both
砭,Both
硐,Both
砰,Both
硧,Both
砂,Both
砝,Both
硉,Both
硪,Both
碏,Both
硅,Both
砸,Both
碨,Both
碲,Both
礓,Both
砷,Both
砍,Both
碾,Both
碇,Both
磖,Both
碞,Both
磎,Unknown
碘,Both
碧,Both
碬,Both
砘,Both
砫,Both
砯,Both
礅,Both
跀,Both
踖,Both
跨,Both
跂,Both
趾,Both
踘,Unknown
趵,Both
踡,Both
跬,Both
踫,Unknown
踧,Both
蹇,Both
跿,Both
跲,Both
躙,Unknown
踮,Both
路,Both
跼,Both
跽,Both
跮,Both
蹾,Both
蹜,Both
跏,Both
蹬,Both
跛,Both
踣,Both
踜,Unknown
踅,Both
踟,Both
跩,Both
跎,Both
蹈,Both
躄,Both
踋,Unknown
跑,Both
蹎,Both
蹱,Both
跔,Both
跟,Both
趺,Both
躃,Both
踔,Both
跦,Both
跕,Both
踝,Both
踞,Both
踢,Both
蹓,Both
踩,Both
蹍,Both
蹦,Both
跗,Both
踶,Both
蹽,Unknown
跤,Both
踳,Both
蹚,Both
踉,Both
跪,Both
跣,Both
趼,Both
踱,Both
跌,Both
躩,Both
跆,Both
踈,Unknown
邉,Unknown
迬,Unknown
込,Unknown
辺,Unknown
逺,Unknown
逰,Unknown
邌,Both
迧,Unknown
遅,Unknown
迚,Unknown
逹,Unknown
逈,Unknown
逥,Unknown
逬,Unknown
逩,Unknown
逎,Unknown
衵,Both
裛,Both
衦,Both
裾,Both
裍,Unknown
被,Both
袱,Both
衫,Both
袳,Both
裳,Both
裪,Unknown
袗,Both
襻,Both
裀,Both
衩,Both
裰,Both
褂,Both
褆,Both
衷,Both
裱,Both
襷,Unknown
褄,Both
裟,Both
襞,Both
襶,Both
袺,Unknown
襡,Both
裼,Both
袼,Both
袟,Both
裨,Both
襆,Both
襋,Both
衭,Both
袿,Both
褚,Both
袤,Both
裃,Unknown
衺,Unknown
袈,Both
裄,Unknown
褔,Both
裁,Both
袖,Both
初,Both
衰,Both
袍,Both
袢,Both
襫,Both
褯,Both
袁,Both
裕,Both
裋,Unknown
袪,Both
瘌,Both
痘,Both
癖,Both
癍,Both
痍,Both
病,Both
疰,Both
瘸,Both
痧,Both
瘰,Both
痎,Both
癃,Both
瘕,Both
痯,Both
痌,Both
疽,Both
痃,Both
痣,Both
疧,Both
疚,Both
痁,Both
瘏,Both
疿,Unknown
痭,Both
瘀,Both
痢,Both
疤,Both
疫,Both
瘐,Both
痡,Both
疼,Both
疳,Both
癔,Both
疔,Both
疥,Both
癊,Both
瘁,Both
瘇,Unknown
瘚,Both
痂,Both
癜,Both
瘴,Both
瘤,Both
痤,Both
痛,Both
疲,Both
疙,Both
瘜,Both
癕,Both
癅,Unknown
痗,Both
痻,Both
癌,Both
癨,Both
痀,Both
疻,Both
痕,Both
驆,Both
驝,Both
騒,Unknown
駈,Unknown
騨,Unknown
験,Unknown
驇,Unknown
駅,Both
駆,Unknown
秒,Both
秥,Both
穐,Unknown
稼,Both
租,Both
稃,Both
稖,Unknown
稌,Both
禾,Both
稀,Both
秩,Both
穏,Unknown
秊,Unknown
穣,Unknown
穜,Both
稇,Unknown
稲,Unknown
科,Both
稞,Both
稛,Both
稹,Both
稗,Both
稙,Both
穂,Unknown
秖,Both
稂,Both
稻,Both
秭,Both
穗,Both
穰,Both
猥,Both
猔,Both
猁,Both
獣,Unknown
狨,Both
狌,Unknown
猛,Both
猄,Both
獗,Both
犼,Both
狺,Both
獋,Both
狳,Both
猸,Both
狍,Both
狘,Both
狒,Both
狎,Both
狂,Both
獯,Both
犵,Both
狁,Both
猖,Both
猘,Both
獞,Both
狩,Both
猞,Both
狢,Unknown
獳,Both
狙,Both
猊,Both
狠,Both
犯,Both
獏,Unknown
狛,Both
獍,Both
狡,Both
犰,Both
狗,Both
猟,Unknown
狆,Both
猝,Both
狼,Both
玃,Both
猩,Both
犺,Both
狜,Both
猓,Both
輽,Unknown
轜,Unknown
軣,Unknown
軙,Unknown
軽,Unknown
輌,Unknown
輏,Unknown
転,Unknown
轌,Unknown
饝,Unknown
餁,Unknown
飮,Unknown
餇,Unknown
饂,Both
劆,Both
剖,Both
刖,Both
刜,Both
剣,Unknown
刑,Both
劙,Both
刁,Both
刎,Both
副,Both
剚,Both
刈,Both
剠,Both
剔,Both
剞,Both
券,Both
刌,Both
劁,Both
剤,Unknown
刡,Both
剏,Unknown
切,Both
刔,Both
刳,Both
到,Both
剟,Both
劂,Both
剅,Both
刻,Both
刲,Both
剱,Unknown
容,Both
宇,Both
宄,Both
宔,Both
宏,Both
寐,Both
守,Both
寰,Both
寂,Both
実,Unknown
宣,Both
定,Both
官,Both
宦,Both
宓,Both
宬,Both
宋,Both
宕,Both
寛,Unknown
寮,Both
宙,Both
宧,Both
客,Both
宰,Both
寒,Both
室,Both
寁,Both
寄,Both
寎,Both
牢,Both
寅,Both
富,Both
粂,Unknown
粋,Unknown
粆,Both
糵,Unknown
粇,Unknown
畨,Unknown
粎,Both
糭,Unknown
粺,Both
糏,Both
粬,Unknown
粛,Unknown
郈,Unknown
郴,Both
郔,Unknown
鄗,Both
郙,Both
郚,Both
邵,Both
郇,Both
邱,Both
郅,Both
鄜,Both
郫,Both
鄢,Both
鄂,Both
鄿,Unknown
鄣,Both
鄍,Both
郃,Both
郭,Both
邲,Both
郠,Unknown
邰,Both
郝,Both
都,Both
鄱,Both
邾,Both
郜,Both
鄌,Unknown
邯,Both
鄻,Unknown
邘,Both
邡,Both
邢,Both
鄎,Unknown
郛,Both
鄐,Unknown
鄇,Unknown
郌,Unknown
鄫,Both
郕,Unknown
鄤,Unknown
郉,Unknown
郡,Both
邧,Both
郿,Both
邽,Both
邴,Both
酆,Both
郗,Both
郊,Both
部,Both
郳,Both
鄞,Both
邛,Both
鄈,Unknown
陟,Both
陂,Both
阹,Both
隃,Unknown
阮,Both
陷,Both
阯,Unknown
阼,Both
防,Both
院,Both
阻,Both
附,Both
除,Both
陪,Both
阽,Both
険,Unknown
隒,Both
障,Both
限,Both
阞,Unknown
陋,Both
陥,Unknown
隘,Both
隰,Both
陃,Unknown
陌,Both
陔,Both
阢,Both
陴,Both
隔,Both
賎,Unknown
貮,Unknown
贁,Unknown
賉,Unknown
祊,Both
祉,Both
禳,Both
祜,Both
祩,Both
祦,Both
禩,Unknown
祔,Both
祀,Both
祝,Both
祫,Both
祈,Both
禘,Both
禔,Both
福,Both
祆,Both
神,Both
祼,Both
祅,Unknown
禫,Both
禛,Both
祁,Both
祖,Both
礽,Both
社,Both
祛,Both
禧,Both
祧,Both
祚,Both
祘,Unknown
祺,Both
禚,Both
祠,Both
祥,Both
祏,Both
頉,Unknown
顚,Unknown
頳,Unknown
頾,Unknown
頚,Unknown
頬,Unknown
閇,Both
閊,Unknown
閴,Unknown
閠,Unknown
閖,Unknown
闝,Unknown
靁,Unknown
霊,Unknown
霨,Unknown
霋,Unknown
雫,Both
廓,Both
廃,Unknown
府,Both
庻,Unknown
庖,Both
庥,Both
庳,Both
序,Both
廉,Both
度,Both
店,Both
広,Unknown
庚,Both
庠,Both
庽,Unknown
廰,Unknown
廙,Both
廤,Both
庶,Both
庋,Both
庭,Both
庉,Both
廊,Both
庁,Unknown
廏,Unknown
庿,Unknown
故,Both
敫,Both
敻,Unknown
敡,Both
攻,Both
攽,Both
敧,Unknown
敂,Unknown
敽,Unknown
敞,Both
放,Both
改,Both
敲,Both
整,Both
敾,Unknown
敝,Both
敄,Unknown
敯,Both
政,Both
救,Both
敭,Unknown
敹,Both
敔,Both
攸,Both
敋,Both
幛,Both
帢,Both
帔,Both
帖,Both
帵,Both
帽,Both
幦,Both
帯,Unknown
幈,Unknown
常,Both
市,Both
帰,Unknown
帊,Both
幚,Unknown
幢,Both
幎,Unknown
幅,Both
帝,Both
幌,Both
帛,Both
帕,Both
巿,Both
帿,Unknown
帷,Both
幤,Unknown
希,Both
幄,Both
帣,Both
竃,Unknown
醄,Unknown
醤,Unknown
醼,Unknown
醸,Unknown
醗,Unknown
醓,Unknown
釂,Unknown
酕,Unknown
畒,Unknown
申,Both
男,Both
甸,Both
由,Both
畜,Both
畋,Both
畿,Both
畚,Both
畁,Unknown
畾,Both
畳,Unknown
畦,Both
畷,Both
甲,Both
畛,Both
疂,Unknown
界,Both
畲,Both
畔,Both
畀,Both
畸,Both
畐,Both
畏,Both
甼,Both
靺,Both
靪,Both
鞞,Both
鞡,Both
鞃,Both
鞁,Both
鞭,Both
鞆,Both
鞮,Both
鞥,Both
靮,Both
鞄,Both
韀,Unknown
靿,Both
靷,Both
靰,Both
韅,Both
靶,Both
鞬,Both
靽,Both
靳,Both
靫,Both
鞺,Unknown
鞜,Both
靼,Both
靱,Unknown
趖,Both
赳,Both
赴,Both
越,Both
超,Both
赱,Unknown
趟,Both
趝,Unknown
趡,Both
茺,Both
萠,Both
葡,Both
蓚,Both
蓍,Both
菾,Both
菎,Both
苪,Both
萌,Both
藩,Both
藙,Both
芰,Both
萜,Both
蔧,Both
萩,Both
萃,Both
蕉,Both
苣,Both
菝,Both
茫,Both
葭,Both
蘸,Both
菲,Both
茄,Both
蕞,Both
茇,Both
苳,Both
苦,Both
荑,Both
菏,Both
菹,Both
葵,Both
芄,Both
芳,Both
苶,Both
芘,Both
薜,Both
萋,Both
菽,Both
芼,Both
茚,Both
蓉,Both
薰,Both
芹,Both
茼,Both
芩,Both
茵,Both
莘,Both
苷,Both
薿,Both
蒂,Both
艿,Both
萹,Both
莚,Both
蕂,Both
萘,Both
蓨,Both
芍,Both
蕹,Both
茬,Both
蔵,Both
若,Both
茳,Both
艽,Both
蓼,Both
蒟,Both
苙,Both
蕖,Both
芨,Both
菂,Both
蕾,Both
薸,Both
莽,Both
葶,Both
芋,Both
藕,Both
蔛,Both
莞,Both
菜,Both
茅,Both
芙,Both
莨,Both
菡,Both
芫,Both
芭,Both
芝,Both
茯,Both
虀,Both
茝,Both
茀,Both
蓗,Both
菟,Both
萁,Both
蒱,Both
茈,Both
荽,Both
虋,Both
莛,Both
萄,Both
芾,Both
蓐,Both
蘘,Both
茸,Both
蒲,Both
芤,Both
荸,Both
菆,Both
荻,Both
蔡,Both
萎,Both
葑,Both
荏,Both
苐,Both
菊,Both
芑,Both
蘥,Both
蓇,Both
荼,Both
蒿,Both
芡,Both
苄,Both
蔫,Both
薨,Both
芶,Both
蒹,Both
葺,Both
芮,Both
落,Both
茂,Both
菉,Both
薪,Both
蓁,Both
藠,Both
菼,Both
蔇,Both
英,Both
莪,Both
薤,Both
蓫,Both
蔉,Traditional
荵,Both
茌,Both
蔽,Both
蔬,Both
莒,Both
蓿,Both
蔓,Both
蓏,Both
薽,Both
蘗,Both
蒽,Both
荃,Both
菱,Both
芪,Both
苠,Both
蓊,Both
蓬,Both
蒺,Both
萏,Both
芧,Both
萸,Both
葫,Both
苯,Both
苴,Both
葄,Both
芽,Both
蒻,Both
菠,Both
荄,Both
苞,Both
薶,Both
芥,Both
蒯,Both
蘩,Both
莰,Both
蔻,Both
薁,Both
藁,Both
芬,Both
蓄,Both
茹,Both
荷,Both
菖,Both
芿,Both
芎,Both
芊,Both
藏,Both
荖,Both
葛,Both
葆,Both
茱,Both
芚,Both
苒,Both
莦,Both
菀,Both
苜,Both
葸,Both
蒴,Both
蕻,Both
蕙,Both
茢,Both
茨,Both
葳,Both
菶,Both
荀,Both
莉,Both
蔌,Both
藄,Both
芃,Both
蘨,Both
菥,Both
蒎,Both
茭,Both
蔟,Both
蒈,Both
苻,Both
萐,Both
葙,Both
茴,Both
菁,Both
芷,Both
葩,Both
萍,Both
葖,Both
薷,Both
芏,Both
茶,Both
薧,Both
蕃,Both
菪,Both
莟,Both
菅,Both
薐,Both
茗,Both
莆,Both
葜,Both
蘧,Both
藿,Both
菩,Both
莎,Both
荒,Both
莫,Both
董,Both
薄,Both
苑,Both
萑,Both
薏,Both
苗,Both
菘,Both
蓂,Both
藊,Both
蕗,Both
蕺,Both
葓,Both
芯,Both
蕨,Both
莙,Both
蒗,Both
茆,Both
苓,Both
莝,Both
藨,Both
藐,Both
茷,Both
蒜,Both
茁,Both
苾,Both
薇,Both
蓪,Both
蕸,Both
蔸,Both
葎,Both
苫,Both
薛,Both
藻,Both
芣,Both
苊,Both
蒡,Both
蔀,Both
葹,Both
蘅,Both
艾,Both
莠,Both
蓷,Both
茩,Both
蓓,Both
茖,Both
茛,Both
蘼,Both
洌,Both
漂,Both
湱,Both
灞,Both
淯,Both
洺,Both
瀺,Both
溍,Both
濈,Both
滑,Both
滍,Both
淝,Both
湖,Both
涘,Both
涊,Both
泱,Both
汝,Both
滘,Both
溦,Both
海,Both
溲,Both
漈,Both
澽,Both
瀌,Both
渭,Both
渋,Traditional
濔,Traditional
渣,Both
湓,Both
混,Both
潟,Traditional
湨,Both
浛,Both
淞,Both
瀡,Both
瀞,Both
潾,Both
沘,Both
瀍,Both
港,Both
湉,Both
洳,Both
汲,Both
漏,Both
滫,Both
潗,Both
漘,Both
涿,Both
沭,Both
湝,Both
湫,Both
洚,Both
泰,Both
灥,Both
瀛,Both
漥,Both
澨,Both
澥,Both
清,Traditional
溠,Both
滕,Both
漭,Both
潏,Both
泠,Both
潢,Both
澉,Both
池,Both
漠,Both
渼,Both
漤,Both
渴,Both
潠,Both
涴,Both
潲,Both
濡,Both
汭,Both
浸,Both
淙,Both
消,Both
涔,Both
濩,Both
濮,Both
滽,Both
渝,Both
澡,Both
潘,Both
汐,Both
汾,Both
湛,Both
滹,Both
洲,Both
灌,Both
滃,Both
濙,Traditional
汆,Both
溴,Both
涓,Both
流,Both
濯,Both
凼,Both
溱,Both
液,Both
洧,Both
涵,Both
浜,Both
潖,Both
漉,Both
沿,Both
湔,Both
泜,Both
汍,Both
泚,Both
渠,Both
溥,Both
洱,Both
泒,Both
溪,Both
氹,Both
咡,Both
啌,Both
名,Both
咎,Both
嗾,Both
善,Both
喋,Both
噀,Both
吡,Both
喩,Both
喝,Both
呶,Both
哨,Both
吾,Both
唷,Both
嚄,Both
嚆,Both
嘛,Both
嗜,Both
呰,Both
哎,Both
喻,Both
呸,Both
嗖,Both
噳,Both
喏,Both
唳,Both
噬,Both
噆,Both
嗼,Both
啁,Both
商,Both
嘐,Both
啡,Both
呈,Both
喵,Both
哮,Both
叭,Both
哤,Both
噶,Both
嗐,Both
噱,Both
咾,Both
唵,Both
嗵,Both
嘌,Both
呤,Both
咫,Both
嘒,Both
唆,Both
噢,Both
唼,Both
嗷,Both
呲,Both
喉,Both
咴,Both
嚅,Both
噙,Both
喈,Both
喟,Both
噤,Both
哆,Both
嗟,Both
嗓,Both
嚭,Both
嗡,Both
嗤,Both
呱,Both
咧,Both
吩,Both
嚃,Both
呧,Both
呎,Both
喁,Both
嗄,Both
嚓,Both
嗸,Both
吪,Both
噗,Both
啾,Both
嗢,Both
嘬,Both
咠,Both
喳,Both
栵,Both
枇,Both
椓,Both
檇,Traditional
桭,Both
梳,Both
樛,Both
棯,Both
樗,Both
杢,Both
枘,Both
柢,Both
檎,Both
棼,Both
榭,Both
梭,Both
梄,Both
梐,Both
楷,Both
橡,Both
棪,Both
槾,Both
棻,Both
枌,Both
椛,Both
楀,Both
杻,Both
檑,Both
橒,Traditional
椈,Both
櫜,Both
櫆,Both
橄,Both
模,Both
栘,Both
楢,Both
栓,Both
案,Both
槢,Both
椌,Both
桀,Both
榆,Both
栳,Both
李,Both
檨,Both
杗,Both
檖,Both
槥,Both
楛,Both
柝,Both
槲,Both
棍,Both
槙,Traditional
梢,Both
桷,Both
槐,Both
椄,Both
柅,Both
楸,Both
染,Both
梊,Both
楄,Both
楬,Both
樶,Both
森,Both
棨,Both
桑,Both
柸,Both
栃,Both
梫,Both
楔,Both
槃,Both
棠,Both
杏,Both
楪,Both
桯,Both
橁,Both
杲,Both
榾,Both
槺,Both
檫,Both
桉,Both
梴,Both
樋,Both
榤,Both
榻,Both
楘,Both
棸,Both
梵,Both
栩,Both
橕,Both
柴,Both
枲,Both
栔,Both
橘,Both
樝,Both
椸,Both
棙,Both
檬,Both
檗,Both
棣,Both
柔,Both
欃,Both
杳,Both
梠,Both
桵,Both
梆,Both
橾,Both
檞,Both
攉,Both
撰,Traditional
挈,Both
搲,Both
操,Both
拝,Both
扱,Both
擙,Both
揆,Both
摰,Both
捥,Both
拴,Both
搋,Both
扭,Both
摎,Both
撤,Both
掯,Both
摸,Both
搡,Both
扽,Both
指,Both
揳,Both
揕,Both
掮,Both
揩,Both
撖,Both
扨,Both
捐,Both
搽,Both
捘,Both
捔,Both
批,Both
摛,Both
搧,Both
承,Both
攃,Both
撱,Both
描,Both
捺,Both
摽,Both
撙,Both
搏,Both
掞,Both
播,Both
拶,Both
挖,Both
攥,Both
掫,Both
摹,Both
捩,Both
擩,Both
揄,Both
振,Both
揁,Traditional
排,Both
摦,Both
摩,Both
搦,Both
摝,Both
搳,Both
擂,Both
搓,Both
控,Both
捻,Both
撚,Both
抜,Both
撬,Both
抓,Both
掻,Both
探,Both
擦,Both
撒,Both
掖,Both
擖,Both
挓,Both
揖,Both
擭,Both
扡,Both
抱,Both
搆,Traditional
擢,Both
扒,Both
揲,Both
搔,Both
抉,Both
捎,Both
撮,Both
拔,Both
揹,Traditional
拒,Both
持,Both
接,Both
擎,Both
扮,Both
搢,Both
搘,Both
揉,Both
揠,Both
拎,Both
捜,Both
銎,Both
鈊,Traditional
鏴,Traditional
鋆,Both
鈌,Traditional
鉱,Traditional
鏊,Both
鋲,Traditional
錬,Traditional
鏖,Both
鐻,Traditional
鎤,Traditional
鋕,Traditional
鍸,Traditional
懂,Both
恀,Both
恉,Both
懊,Both
惠,Both
悄,Both
惔,Both
恃,Both
忘,Both
忪,Both
快,Both
懻,Both
懈,Both
愀,Both
感,Both
愎,Both
慧,Both
慅,Both
情,Both
忿,Both
慌,Both
怏,Both
憺,Both
愒,Both
悟,Both
慕,Both
恕,Both
怒,Both
慵,Both
急,Both
愁,Both
慜,Both
忸,Both
憀,Both
懋,Both
悰,Both
悱,Both
惌,Both
愓,Traditional
懅,Both
慰,Both
慎,Both
恢,Both
恁,Both
惘,Both
悜,Both
恣,Both
慓,Both
悸,Both
懦,Both
惼,Both
怵,Both
忙,Both
懿,Both
恬,Both
愮,Both
恝,Both
怩,Both
慥,Both
惋,Both
慢,Both
悲,Both
憨,Both
愖,Both
懆,Both
慝,Both
惰,Both
怓,Both
惄,Both
慴,Traditional
悆,Both
憎,Both
慨,Both
恵,Both
悛,Both
悾,Both
懃,Traditional
惹,Both
愚,Both
憾,Both
惆,Both
烤,Both
烀,Both
煸,Both
煻,Both
煲,Both
燠,Both
熺,Both
烔,Both
煨,Both
焴,Both
勲,Traditional
煣,Both
燋,Both
焞,Both
熊,Both
燮,Both
熄,Both
爊,Both
焜,Both
燔,Both
炔,Both
炻,Both
燊,Both
炷,Both
焯,Both
煞,Both
炅,Both
燚,Both
煤,Both
烽,Both
焙,Both
煃,Both
熬,Both
爚,Both
炱,Both
熥,Both
煌,Both
熵,Both
燧,Both
焌,Both
煚,Both
燥,Both
熘,Both
煽,Both
烋,Both
炳,Both
燏,Both
燃,Both
焚,Both
烺,Both
焐,Both
烈,Both
烷,Both
爝,Both
熯,Both
熛,Both
燹,Both
畑,Both
爟,Both
烯,Both
煝,Both
煎,Both
炊,Both
煜,Both
炙,Both
然,Both
烓,Both
炬,Both
爨,Both
焱,Both
爆,Both
灼,Both
熀,Both
炭,Both
炎,Both
灺,Both
烙,Both
灸,Both
炘,Both
炕,Both
炒,Both
焮,Both
煊,Both
燎,Both
熳,Both
熸,Both
僧,Both
偢,Both
偨,Both
倥,Both
令,Both
像,Both
仞,Both
儦,Both
倭,Both
佽,Both
儗,Traditional
偈,Both
儋,Both
佾,Both
僣,Both
伶,Both
侑,Both
假,Both
傞,Both
佞,Both
僄,Both
倩,Both
信,Both
儌,Both
僶,Traditional
侍,Both
儚,Both
侘,Both
保,Both
傒,Both
儜,Traditional
伋,Both
似,Both
俺,Both
偰,Both
俸,Both
侻,Both
僎,Both
侃,Both
僭,Both
侹,Both
今,Both
傅,Both
傀,Both
偕,Both
僯,Both
侫,Both
佌,Both
佘,Both
僈,Both
佴,Both
俏,Both
侈,Both
傺,Both
儽,Traditional
佺,Both
僇,Both
儳,Both
儵,Both
僳,Both
倻,Both
伾,Both
倜,Both
侴,Both
偌,Both
俳,Both
侯,Both
俴,Traditional
何,Both
什,Both
候,Both
偫,Both
仮,Both
例,Both
佤,Both
偶,Both
侵,Both
偏,Both
傲,Both
地,Both
埏,Both
増,Both
坼,Both
堧,Both
堨,Both
堰,Both
堞,Both
墒,Both
增,Both
堡,Both
埈,Both
均,Both
堶,Both
堉,Both
墓,Both
墡,Both
坻,Both
坴,Both
坱,Both
坒,Both
圾,Both
塕,Both
埝,Both
埵,Both
堪,Both
埭,Both
墚,Both
墁,Both
埕,Both
埃,Both
壖,Both
堎,Both
垂,Both
墉,Both
塈,Both
壌,Both
埆,Both
墺,Both
垞,Both
塭,Both
堠,Both
塌,Both
壤,Both
墦,Both
紫,Both
絜,Both
縏,Both
縻,Both
纛,Both
繁,Both
繄,Both
綮,Both
絮,Both
繇,Both
蝮,Both
螵,Both
蟾,Both
蛸,Both
蠡,Both
蝓,Both
蛉,Both
蟓,Both
蠛,Both
蜣,Both
蟥,Both
蠖,Both
螓,Both
蜚,Both
蝛,Both
蟨,Both
蟠,Both
蝙,Both
螭,Both
蟕,Both
蚩,Both
蜻,Both
蠓,Both
蜩,Both
蜰,Both
蛩,Both
蚣,Both
虻,Both
蜒,Both
蜿,Both
螌,Both
螉,Both
螋,Both
蠮,Both
蠵,Both
蚍,Both
蝴,Both
螯,Both
蟒,Both
蟆,Both
蜎,Both
蝘,Both
蝤,Both
蚜,Both
蚳,Both
蜈,Both
蜃,Both
蠸,Both
蟋,Both
笮,Both
筒,Both
篌,Both
簪,Both
笴,Both
笆,Both
篨,Both
筊,Both
策,Both
筲,Both
笭,Both
簰,Both
箝,Both
筘,Both
筷,Both
篇,Both
筵,Both
笲,Both
符,Both
筬,Both
簇,Both
篥,Both
筤,Both
籓,Both
笫,Both
篾,Both
簦,Both
箯,Both
笯,Both
笏,Both
笊,Both
箱,Both
篷,Both
筐,Both
笙,Both
篁,Both
竺,Both
箘,Both
筻,Both
筋,Both
筅,Both
筌,Both
笈,Both
箚,Both
等,Both
箑,Both
篅,Both
篚,Both
笐,Both
簉,Both
簃,Both
篝,Both
笰,Both
筠,Both
箜,Both
笹,Both
簟,Both
簿,Both
箬,Both
簏,Both
筮,Both
箕,Both
簧,Both
箷,Both
笪,Both
篰,Both
筈,Both
箄,Both
筰,Both
箵,Both
籰,Both
籍,Both
篙,Both
笥,Both
篆,Both
籊,Both
笄,Both
笸,Both
筢,Both
竽,Both
箐,Both
箙,Both
筥,Both
籀,Both
籝,Traditional
篲,Both
第,Both
箭,Both
箅,Both
笠,Both
筇,Both
笱,Both
笳,Both
簸,Both
笞,Both
籧,Both
謦,Both
詹,Both
謷,Both
訾,Both
妸,Both
嫘,Both
姚,Both
婐,Both
嫡,Both
姫,Both
娭,Both
嫖,Both
婤,Both
娀,Both
媾,Both
威,Both
姱,Both
媕,Both
妘,Both
嫟,Both
婕,Both
姺,Both
婷,Both
妞,Both
婗,Both
婉,Both
委,Both
姌,Both
媵,Both
媬,Both
姅,Both
姮,Both
嬔,Both
姘,Both
嬴,Both
婆,Both
娑,Both
婚,Both
嫭,Both
好,Both
嬛,Both
嫄,Both
孅,Both
如,Both
嫠,Both
妮,Both
妍,Both
娟,Both
媔,Both
姨,Both
姓,Both
媚,Both
姞,Both
娼,Both
媊,Both
媒,Both
婼,Both
妄,Both
嬓,Both
娒,Both
媳,Both
婢,Both
娥,Both
媤,Both
姒,Both
婧,Both
姿,Both
嬉,Both
娜,Both
娖,Both
媸,Both
娶,Both
娸,Both
妁,Both
姁,Both
妖,Both
妾,Both
嫏,Both
嫣,Both
嫜,Both
姐,Both
婥,Both
始,Both
嫌,Both
娉,Both
婞,Both
姑,Both
妨,Both
婊,Both
嬎,Both
娓,Both
妓,Both
娵,Both
姤,Both
娣,Both
嬗,Both
妎,Both
姪,Traditional
姝,Both
婺,Both
妥,Both
媛,Both
奴,Both
妻,Both
嬬,Both
嬖,Both
妣,Both
妲,Both
姬,Both
婪,Both
嫪,Both
妃,Both
嬿,Both
嫁,Both
媻,Both
嫂,Both
媖,Both
嫚,Both
嫦,Both
媟,Both
妵,Both
妗,Both
姽,Both
媥,Both
娌,Both
媞,Both
娃,Both
妯,Both
媢,Both
鶏,Traditional
嵎,Both
巌,Traditional
崚,Both
崿,Both
嶓,Both
峱,Both
岈,Both
岔,Both
嶞,Both
嶰,Both
岐,Both
峪,Both
嵳,Both
嶙,Both
嵁,Both
峂,Both
岑,Both
崳,Both
嵋,Both
崦,Both
嵆,Both
峋,Both
岷,Both
峙,Both
嵲,Both
巇,Both
崴,Both
崌,Both
嶅,Both
崛,Both
屼,Both
嵊,Both
崇,Both
嶂,Both
巂,Both
岵,Both
崐,Traditional
崤,Both
崾,Both
峻,Both
岬,Both
嵯,Both
岣,Both
嶒,Both
嵴,Both
嶷,Both
嵬,Both
岍,Both
屺,Both
岞,Both
嶍,Both
嵫,Both
崆,Both
岫,Both
崞,Both
峿,Both
屹,Both
岌,Both
肭,Both
脒,Both
膌,Both
胹,Both
肏,Both
腶,Both
臀,Both
膛,Both
臑,Both
腺,Both
臛,Both
肥,Both
臂,Both
胙,Both
脞,Both
膦,Both
脂,Both
胝,Both
膣,Both
脊,Both
胴,Both
脝,Both
胖,Both
膈,Both
肜,Both
肫,Both
肚,Both
肸,Both
膏,Both
臄,Both
腈,Both
腥,Both
脾,Both
肼,Both
肩,Both
脡,Both
脬,Both
胏,Both
脘,Both
胰,Both
胎,Both
腚,Both
肺,Both
胱,Both
腹,Both
腑,Both
膀,Both
膨,Both
胈,Both
肝,Both
膝,Both
腯,Both
腔,Both
膪,Both
胂,Both
肖,Both
脤,Both
能,Both
腴,Both
腧,Both
膊,Both
胲,Both
膂,Both
肙,Both
肓,Both
臆,Both
腆,Both
胍,Both
脢,Both
腒,Both
胬,Both
胺,Both
脲,Both
膜,Both
腱,Both
胠,Both
胤,Both
肛,Both
腓,Both
肪,Both
膙,Both
胛,Both
胞,Both
膗,Both
胥,Both
脖,Both
膰,Both
膲,Both
腰,Both
臃,Both
胩,Both
腙,Both
腍,Both
腋,Both
脯,Both
肌,Both
臌,Both
肘,Both
膟,Both
脎,Both
肽,Both
胦,Both
肟,Both
腠,Both
膺,Both
肋,Both
脰,Both
胃,Both
琇,Both
琀,Both
琨,Both
瓘,Both
瑀,Both
玨,Traditional
瑟,Both
璥,Both
玡,Both
瓀,Both
琬,Both
璆,Both
璩,Both
璘,Both
琥,Both
璞,Both
琊,Both
璺,Both
琮,Both
玤,Both
琭,Both
璚,Both
璪,Both
琤,Both
瑳,Both
玲,Both
玼,Both
班,Both
琛,Both
玭,Both
琶,Both
瑜,Both
琲,Both
璈,Both
璠,Both
璨,Both
璜,Both
琵,Both
瑛,Both
珊,Both
瑚,Both
琰,Both
珥,Both
玢,Both
琴,Both
玦,Both
璲,Both
瑰,Both
晏,Both
曽,Both
晨,Both
昑,Both
暮,Both
昀,Both
曚,Both
暨,Both
耆,Both
曣,Both
晴,Both
暵,Both
暹,Both
晷,Both
昤,Both
晗,Both
暍,Both
昄,Both
晻,Traditional
晼,Both
旨,Both
晙,Both
瞇,Traditional
直,Both
眅,Both
睒,Both
眹,Both
睊,Both
矗,Both
瞎,Both
睖,Both
瞟,Both
瞵,Both
眯,Both
睃,Both
睽,Both
瞄,Both
睛,Both
眢,Both
盼,Both
睦,Both
盲,Both
盻,Both
睡,Both
眵,Both
瞻,Both
瞢,Both
磺,Both
碥,Both
磲,Both
砹,Both
磷,Both
礞,Both
礵,Both
磟,Traditional
礤,Both
碌,Both
碆,Both
磨,Both
碴,Both
礌,Both
砉,Both
碉,Both
礴,Both
礳,Both
砑,Both
磔,Both
磈,Both
磐,Both
硾,Both
磓,Both
磻,Both
礡,Both
硫,Both
碶,Both
砿,Traditional
碑,Both
硝,Both
碟,Both
磋,Both
碣,Both
砮,Both
碳,Both
磉,Both
碡,Both
矽,Both
蹊,Both
跫,Both
蹀,Both
躞,Both
趹,Both
蹩,Both
蹂,Both
踒,Both
蹲,Both
跅,Both
躐,Both
蹁,Both
躔,Both
躠,Both
蹅,Both
跋,Both
踼,Traditional
距,Both
蹉,Both
趴,Both
跧,Both
踆,Both
跚,Both
蹯,Both
踠,Both
躇,Both
趿,Both
蹼,Both
蹐,Both
跱,Both
蹙,Both
遽,Both
逍,Both
迒,Both
遫,Both
迣,Both
遒,Both
遏,Both
遨,Both
遵,Both
迿,Both
逡,Both
遻,Both
迍,Both
邋,Both
遴,Both
迅,Both
迷,Both
迠,Both
迓,Both
邀,Both
逆,Both
逅,Both
逴,Both
遐,Both
逋,Both
迎,Both
逐,Both
退,Both
迭,Both
遮,Both
道,Both
近,Both
造,Both
避,Both
邃,Both
迦,Both
遛,Both
遢,Both
途,Both
逝,Both
逌,Both
返,Both
追,Both
迄,Both
遝,Both
迋,Both
遂,Both
透,Both
遣,Both
邂,Both
逶,Both
逗,Both
逑,Both
迮,Both
迂,Both
辷,Both
逄,Both
逭,Both
逯,Both
逢,Both
述,Both
迥,Both
遹,Both
逛,Both
遄,Both
邈,Both
通,Both
送,Both
迢,Both
遘,Both
辻,Both
辿,Both
迸,Both
遑,Both
逵,Both
遇,Both
襚,Both
袂,Both
袽,Both
衾,Both
褡,Both
裹,Both
裯,Both
褰,Both
裴,Both
褞,Both
裵,Both
褥,Both
裶,Both
裘,Both
褕,Both
褐,Both
褉,Both
褙,Both
褪,Both
衲,Both
褽,Both
襦,Both
裎,Both
裔,Both
褊,Both
袛,Both
褫,Both
裂,Both
瘥,Both
瘳,Both
瘃,Both
痊,Both
痿,Both
癀,Both
瘝,Both
疾,Both
瘠,Both
痩,Both
瘯,Both
痵,Both
瘭,Both
瘖,Traditional
痔,Both
瘩,Both
瘦,Both
疵,Both
癙,Both
疝,Both
瘢,Both
瘊,Both
瘼,Both
瘈,Both
痰,Both
瘙,Both
疢,Both
痚,Both
痱,Both
痞,Both
疕,Both
瘵,Both
瘟,Both
痏,Both
痦,Both
痑,Both
痜,Both
瘛,Both
駄,Traditional
秧,Both
穊,Both
穟,Both
秠,Both
秦,Both
稍,Both
穄,Both
秫,Both
秪,Both
程,Both
稑,Both
秀,Both
稷,Both
穈,Both
穋,Both
穮,Both
稔,Both
秬,Both
稠,Both
猲,Both
獝,Both
狄,Both
獴,Both
獘,Traditional
狃,Both
猰,Both
猴,Both
獒,Both
猜,Both
猹,Both
狴,Both
猱,Both
獉,Both
狉,Both
獬,Both
猷,Both
獀,Both
猾,Both
犮,Both
狖,Both
猺,Both
猢,Both
狐,Both
餮,Both
饔,Both
剽,Both
前,Both
剺,Both
剰,Both
刵,Both
割,Both
判,Both
削,Both
劘,Both
剡,Both
剨,Both
剜,Both
劖,Both
劐,Both
列,Both
寓,Both
安,Both
寥,Both
害,Both
宛,Both
宗,Both
寤,Both
寖,Both
宅,Both
寞,Both
宥,Both
宵,Both
宸,Both
糌,Both
粼,Both
粹,Both
糎,Both
糔,Both
粥,Both
粑,Both
粔,Both
粲,Both
粉,Both
精,Both
粕,Both
粢,Both
粟,Both
籾,Both
糒,Both
糜,Both
糢,Both
籹,Both
米,Both
粨,Both
籸,Both
糗,Both
糈,Both
粁,Both
粒,Both
糊,Both
粍,Both
粿,Both
糅,Both
籵,Both
粞,Both
粱,Both
籽,Both
糱,Both
鄯,Both
邶,Both
酅,Both
鄏,Both
鄋,Both
鄠,Both
鄙,Both
郪,Both
鄑,Both
邳,Both
鄚,Both
鄀,Both
邿,Both
鄾,Both
酃,Both
郢,Both
鄄,Both
邦,Both
邙,Both
邸,Both
郯,Both
郾,Both
邪,Both
鄘,Both
陛,Both
陲,Both
陬,Both
阤,Both
隳,Both
隋,Both
陾,Both
隅,Both
隗,Both
賏,Traditional
祲,Both
禤,Both
票,Both
禠,Both
禁,Both
祟,Both
禋,Both
禑,Both
禢,Both
禨,Traditional
祗,Both
禖,Both
祓,Both
祂,Both
祭,Both
禊,Both
闘,Traditional
霂,Both
霄,Both
震,Both
霎,Both
霫,Both
霾,Both
霹,Both
雩,Both
霤,Both
露,Both
雯,Both
霈,Both
霖,Both
霅,Both
霆,Both
霓,Both
霃,Both
霝,Both
雹,Both
雪,Both
霏,Both
霪,Both
霙,Both
霱,Both
零,Both
需,Both
雰,Both
霍,Both
霞,Both
庇,Both
廒,Both
庹,Both
廨,Both
康,Both
庈,Both
廛,Both
庀,Both
廖,Both
庤,Both
底,Both
廆,Both
敬,Both
散,Both
敜,Both
敢,Both
敖,Both
幪,Both
帨,Both
幮,Traditional
帟,Both
幔,Both
幭,Both
帗,Both
幨,Both
帑,Both
幋,Both
窟,Both
窳,Both
穸,Both
窬,Both
空,Both
穹,Both
穿,Both
窀,Both
窿,Both
窾,Both
穵,Both
窞,Both
窄,Both
窽,Both
窣,Both
窈,Both
窘,Both
窅,Both
究,Both
竁,Both
窒,Both
窸,Both
窆,Both
窨,Both
窔,Both
醰,Both
酯,Both
酌,Both
酡,Both
酮,Both
醽,Both
酥,Both
酪,Both
醛,Both
醐,Both
醝,Both
酞,Both
酴,Both
酊,Both
醨,Both
酒,Both
醅,Both
酰,Both
醢,Both
酲,Both
配,Both
醂,Both
酺,Both
酵,Both
醌,Both
酣,Both
酩,Both
醚,Both
醪,Both
醹,Both
酐,Both
醍,Both
醮,Both
酗,Both
醴,Both
醺,Both
醯,Both
酏,Both
酚,Both
釄,Both
醭,Both
醵,Both
酎,Both
醋,Both
醁,Both
酤,Both
酷,Both
畹,Both
畟,Both
畇,Both
畬,Both
畯,Both
番,Both
畈,Both
畤,Both
鞅,Both
靸,Both
鞨,Both
鞓,Both
鞠,Both
鞗,Both
鞶,Both
鞚,Both
鞣,Both
趣,Both
起,Both
趔,Both
